{
  "parent": "minecraft:item/handheld_rod",
  "textures": {
    "layer0": "minecraft:item/carrot_on_a_stick"
  },
  "overrides": [
    { "predicate": { "custom_model_data":20091}, "model": "jjx_core:cmd/carrot_on_a_stick/20091" },
    { "predicate": { "custom_model_data":20092}, "model": "jjx_core:cmd/carrot_on_a_stick/20092" },
    { "predicate": { "custom_model_data":20093}, "model": "jjx_core:cmd/carrot_on_a_stick/20093" }, 
    { "predicate": { "custom_model_data":20094}, "model": "jjx_core:cmd/carrot_on_a_stick/20094" },
    { "predicate": { "custom_model_data":20095}, "model": "jjx_core:cmd/carrot_on_a_stick/20095" },
    { "predicate": { "custom_model_data":20096}, "model": "jjx_core:cmd/carrot_on_a_stick/20096" },
    { "predicate": { "custom_model_data":20097}, "model": "jjx_core:cmd/carrot_on_a_stick/20097" },
    { "predicate": { "custom_model_data":20098}, "model": "jjx_core:cmd/carrot_on_a_stick/20098" },
    { "predicate": { "custom_model_data":20099}, "model": "jjx_core:cmd/carrot_on_a_stick/20099" },
    { "predicate": { "custom_model_data":200910}, "model": "jjx_core:cmd/carrot_on_a_stick/200910" },
    { "predicate": { "custom_model_data":200911}, "model": "jjx_core:cmd/carrot_on_a_stick/200911" },
    { "predicate": { "custom_model_data":200912}, "model": "jjx_core:cmd/carrot_on_a_stick/200912" },
    { "predicate": { "custom_model_data":200913}, "model": "jjx_core:cmd/carrot_on_a_stick/200913" },
    { "predicate": { "custom_model_data":200914}, "model": "jjx_core:cmd/carrot_on_a_stick/200914" },
    { "predicate": { "custom_model_data":200915}, "model": "jjx_core:cmd/carrot_on_a_stick/200915" },
    { "predicate": { "custom_model_data":200916}, "model": "jjx_core:cmd/carrot_on_a_stick/200916" },
    { "predicate": { "custom_model_data":200917}, "model": "jjx_core:cmd/carrot_on_a_stick/200917" },
    { "predicate": { "custom_model_data":200918}, "model": "jjx_core:cmd/carrot_on_a_stick/200918" },
    { "predicate": { "custom_model_data":200919}, "model": "jjx_core:cmd/carrot_on_a_stick/200919" },
    { "predicate": { "custom_model_data":200920}, "model": "jjx_core:cmd/carrot_on_a_stick/200920" }
  ]
}