{
	"parent": "item/generated",
	"textures": {
        "layer0": "item/slime_ball"
	},
    "overrides": [
        { "predicate": { "custom_model_data":20091}, "model": "jjx_core:cmd/slime_ball/20091" },
        { "predicate": { "custom_model_data":20092}, "model": "jjx_core:cmd/slime_ball/20092" },
        { "predicate": { "custom_model_data":20093}, "model": "jjx_core:cmd/slime_ball/20093" }, 
        { "predicate": { "custom_model_data":20094}, "model": "jjx_core:cmd/slime_ball/20094" },
        { "predicate": { "custom_model_data":20095}, "model": "jjx_core:cmd/slime_ball/20095" },
        { "predicate": { "custom_model_data":20096}, "model": "jjx_core:cmd/slime_ball/20096" },
        { "predicate": { "custom_model_data":20097}, "model": "jjx_core:cmd/slime_ball/20097" },
        { "predicate": { "custom_model_data":20098}, "model": "jjx_core:cmd/slime_ball/20098" },
        { "predicate": { "custom_model_data":20099}, "model": "jjx_core:cmd/slime_ball/20099" },
        { "predicate": { "custom_model_data":200910}, "model": "jjx_core:cmd/slime_ball/200910" },
        { "predicate": { "custom_model_data":200911}, "model": "jjx_core:cmd/slime_ball/200911" },
        { "predicate": { "custom_model_data":200912}, "model": "jjx_core:cmd/slime_ball/200912" },
        { "predicate": { "custom_model_data":200913}, "model": "jjx_core:cmd/slime_ball/200913" },
        { "predicate": { "custom_model_data":200914}, "model": "jjx_core:cmd/slime_ball/200914" },
        { "predicate": { "custom_model_data":200915}, "model": "jjx_core:cmd/slime_ball/200915" },
        { "predicate": { "custom_model_data":200916}, "model": "jjx_core:cmd/slime_ball/200916" },
        { "predicate": { "custom_model_data":200917}, "model": "jjx_core:cmd/slime_ball/200917" },
        { "predicate": { "custom_model_data":200918}, "model": "jjx_core:cmd/slime_ball/200918" },
        { "predicate": { "custom_model_data":200919}, "model": "jjx_core:cmd/slime_ball/200919" },
        { "predicate": { "custom_model_data":200920}, "model": "jjx_core:cmd/slime_ball/200920" },
        { "predicate": { "custom_model_data":200921}, "model": "jjx_core:cmd/slime_ball/200921" },
        { "predicate": { "custom_model_data":200922}, "model": "jjx_core:cmd/slime_ball/200922" },
        { "predicate": { "custom_model_data":200923}, "model": "jjx_core:cmd/slime_ball/200923" },
        { "predicate": { "custom_model_data":200924}, "model": "jjx_core:cmd/slime_ball/200924" },
        { "predicate": { "custom_model_data":200925}, "model": "jjx_core:cmd/slime_ball/200925" },
        { "predicate": { "custom_model_data":200926}, "model": "jjx_core:cmd/slime_ball/200926" },
        { "predicate": { "custom_model_data":200927}, "model": "jjx_core:cmd/slime_ball/200927" },
        { "predicate": { "custom_model_data":200928}, "model": "jjx_core:cmd/slime_ball/200928" },
        { "predicate": { "custom_model_data":200929}, "model": "jjx_core:cmd/slime_ball/200929" },
        { "predicate": { "custom_model_data":200930}, "model": "jjx_core:cmd/slime_ball/200930" },
        { "predicate": { "custom_model_data":2009230}, "model": "jjx_core:cmd/slime_ball/2009230" }
    ]    
}