{
	"parent": "item/generated",
	"textures": {
        "layer0": "item/snowball"
	},
    "overrides":[
        { "predicate": { "custom_model_data":20091}, "model": "jjx_core:cmd/snowball/20091" },
        { "predicate": { "custom_model_data":20092}, "model": "jjx_core:cmd/snowball/20092" },
        { "predicate": { "custom_model_data":20093}, "model": "jjx_core:cmd/snowball/20093" },
        { "predicate": { "custom_model_data":20094}, "model": "jjx_core:cmd/snowball/20094" },
        { "predicate": { "custom_model_data":20095}, "model": "jjx_core:cmd/snowball/20095" },
        { "predicate": { "custom_model_data":20096}, "model": "jjx_core:cmd/snowball/20096" },
        { "predicate": { "custom_model_data":20097}, "model": "jjx_core:cmd/snowball/20097" },
        { "predicate": { "custom_model_data":20098}, "model": "jjx_core:cmd/snowball/20098" },
        { "predicate": { "custom_model_data":20099}, "model": "jjx_core:cmd/snowball/20099" },
        { "predicate": { "custom_model_data":200910}, "model": "jjx_core:cmd/snowball/200910" },
        { "predicate": { "custom_model_data":200911}, "model": "jjx_core:cmd/snowball/200911" },
        { "predicate": { "custom_model_data":200912}, "model": "jjx_core:cmd/snowball/200912" },
        { "predicate": { "custom_model_data":200913}, "model": "jjx_core:cmd/snowball/200913" },
        { "predicate": { "custom_model_data":200914}, "model": "jjx_core:cmd/snowball/200914" },
        { "predicate": { "custom_model_data":200915}, "model": "jjx_core:cmd/snowball/200915" },
        { "predicate": { "custom_model_data":200916}, "model": "jjx_core:cmd/snowball/200916" },
        { "predicate": { "custom_model_data":200917}, "model": "jjx_core:cmd/snowball/200917" },
        { "predicate": { "custom_model_data":200918}, "model": "jjx_core:cmd/snowball/200918" },
        { "predicate": { "custom_model_data":200919}, "model": "jjx_core:cmd/snowball/200919" },
        { "predicate": { "custom_model_data":200920}, "model": "jjx_core:cmd/snowball/200920" },
        { "predicate": { "custom_model_data":2009130}, "model": "jjx_core:cmd/snowball/2009130" }
    ]
}