{
	"parent": "item/generated",
	"textures": {
        "layer0": "item/sweet_berries"
	},
    "overrides":[
        { "predicate": { "custom_model_data":20091}, "model": "jjx_core:cmd/sweet_berries/20091" },
        { "predicate": { "custom_model_data":20092}, "model": "jjx_core:cmd/sweet_berries/20092" },
        { "predicate": { "custom_model_data":20093}, "model": "jjx_core:cmd/sweet_berries/20093" },
        { "predicate": { "custom_model_data":20094}, "model": "jjx_core:cmd/sweet_berries/20094" },
        { "predicate": { "custom_model_data":20095}, "model": "jjx_core:cmd/sweet_berries/20095" },
        { "predicate": { "custom_model_data":20096}, "model": "jjx_core:cmd/sweet_berries/20096" },
        { "predicate": { "custom_model_data":20097}, "model": "jjx_core:cmd/sweet_berries/20097" },
        { "predicate": { "custom_model_data":20098}, "model": "jjx_core:cmd/sweet_berries/20098" },
        { "predicate": { "custom_model_data":20099}, "model": "jjx_core:cmd/sweet_berries/20099" }
    ]
}