{
  "parent": "jjx_core:root",
  "criteria": {
    "pick":{
      "trigger": "minecraft:inventory_changed",
      "conditions": {
        "items": [
          {
            "enchantments":[
              {
                "enchantment": "minecraft:infinity",
                "levels":{
                  "max": 1.0,
                  "min": 1.0
                }
              }
            ],
            "items": [
              "minecraft:snowball"
            ]
          }
        ]
      }
    }
  },
  "display": {
    "announce_to_chat": true,
    "description": {
      "translate": "杀死小鸡，获得它掉落的篮球"
    },
    "frame": "task",
    "hidden": false,
    "icon": {
      "item": "minecraft:snowball"
    },
    "show_toast": true,
    "title": {
      "translate": "坤难模式"
    }
  },
  "requirements": [
    [
      "pick"
    ]
  ],
  "rewards": {
    "experience":200
  }
}