{
  "parent": "jjx_core:root",
  "criteria": {
    "minecraft:slime": {
      "conditions": {
        "entity": [
          {
            "condition": "minecraft:entity_properties",
            "entity": "this",
            "predicate": {
              "type": "minecraft:slime"
            }
          }
        ]
      },
      "trigger": "minecraft:player_killed_entity"
    }
  },
  "display": {
    "announce_to_chat": true,
    "description": {
      "translate": "杀死一只史莱姆，一种稀有的凝胶生物(这可能会引来某些巨型生物的报复)"
    },
    "frame": "task",
    "hidden": false,
    "icon": {
      "item": "minecraft:diamond_sword",
      "nbt": "{Damage:0}"
    },
    "show_toast": true,
    "title": {
      "translate": "史莱姆勇士"
    }
  },
  "requirements": [
    [
      "minecraft:slime"
    ]
  ],
  "rewards": {
    "function":"jjx_core:king_slime/summon_object"
  }
}