{
  "parent": "jjx_core:kill_a_slime",
  "criteria": {
    "pick":{
      "trigger": "minecraft:inventory_changed",
      "conditions": {
        "items": [
          {
            "enchantments":[
              {
                "enchantment": "minecraft:infinity",
                "levels":{
                  "max": 1.0,
                  "min": 1.0
                }
              }
            ],
            "items": [
              "minecraft:slime_ball"
            ]
          }
        ]
      }
    }
  },
  "display": {
    "announce_to_chat": true,
    "description": {
      "translate": "打败史莱姆王，然后拿到它的幸运之心"
    },
    "frame": "challenge",
    "hidden": false,
    "icon": {
      "item": "minecraft:slime_ball"
    },
    "show_toast": true,
    "title": {
      "translate": "史莱姆的荣耀"
    }
  },
  "requirements": [
    [
      "pick"
    ]
  ],
  "rewards": {
    "experience":1500
  }
}