{
  "parent": "jjx_core:basketball",
  "criteria": {
    "use":{
      "trigger":"minecraft:impossible"
    }
  },
  "display": {
    "announce_to_chat": true,
    "description": {
      "translate": "在背包里有篮球的情况下，杀死一只鸡，让它们充分融合"
    },
    "frame": "task",
    "hidden": false,
    "icon": {
      "item": "minecraft:chicken"
    },
    "show_toast": true,
    "title": {
      "translate": "练习两年半"
    }
  },
  "requirements": [
    [
      "use"
    ]
  ]
}