{
    "pools": [
      {
        "entries": [
          {
            "functions": [
              {
                "function":"set_name",
                "name":{
                  "translate":"item.jjx_core.name.boss_block.king_zombie",
                  "italic":false,
                  "color":"white"
                }
              },
              {
                "function": "set_nbt",
                "tag": "{CustomModelData:20093,Item:\"boss_block_king_zombie\",EntityTag:{Invisible:1b,Silent:1b,Tags:[\"boss_block_king_zombie\",\"placed\"]}}"
              }
            ],
            "type": "minecraft:item",
            "name": "minecraft:glow_item_frame"
          }
        ],
        "rolls": 1.0
      }
    ]
  }