{
    "type": "minecraft:command",
    "pools": [
        {
            "bonus_rolls": 1.0,
            "rolls": 1.0,
            "entries": [
                {
                    "type": "item",
                    "name": "minecraft:written_book",
                    "functions": [
                        {
                            "function": "set_name",
                            "name": {
                                "translate":"item.jjx_core.name.written_book.darkplace",
                                "color":"red",
                                "italic": false
                            }
                        },
                        {
                            "function": "set_nbt",
                            "tag": "{title:\"DarkPlace\",author:\"Z\",pages:['[{\"translate\":\"page.jjx_core.page1.line1.written_book.darkplace\"},{\"translate\":\"page.jjx_core.page1.line2.written_book.darkplace\"},{\"translate\":\"page.jjx_core.page1.line3.written_book.darkplace\"}]','[{\"translate\":\"page.jjx_core.page2.line1.written_book.darkplace\"},{\"translate\":\"page.jjx_core.page2.line2.written_book.darkplace\"}]'],Item:\"jjx_core:written_book/darkplace\"}"
                        }
                    ]
                }
            ]
        }
    ]
}