{
    "pools": [
        {
            "bonus_rolls": 1.0,
            "rolls": 1.0,
            "entries": [
                {
                    "type": "item",
                    "name": "minecraft:golden_helmet",
                    "functions": [
                        {
                            "function": "set_nbt",
                            "tag": "{Enchantments:[{id:\"minecraft:protection\",lvl:4},{id:\"thorns\",lvl:3},{id:\"mending\",lvl:1}]}"
                        }
                    ]
                }
            ]
        },
        {
            "entries": [
              {
                "functions": [
                  {
                    "function":"set_name",
                    "name":{
                      "translate":""
                    }
                  },
                  {
                    "function": "set_nbt",
                    "tag": "{CustomModelData:20092,Item:\"exp_king_zombie\"}"
                  }
                ],
                "type": "minecraft:item",
                "name": "minecraft:knowledge_book"
              }
            ],
            "rolls": 1.0
        },
        {
          "bonus_rolls": 1.0,
          "rolls": 1.0,
          "entries":[
            {
              "type": "loot_table",
              "name": "jjx_core:pocket_watch_1"
            }
          ]
        },
        {
          "bonus_rolls": 1.0,
          "rolls": 1.0,
          "entries":[
            {
              "type": "minecraft:item",
              "name": "diamond",
              "functions": [
                {
                  "function": "set_count",
                  "count": {
                    "max": 10.0,
                    "min": 3.0,
                    "type": "uniform"
                  }
                }
              ]
            }
          ]
        }
    ]
}