{
    "feature": "jjx_core:dragon_ore",
    "placement": [
      {
        "type": "minecraft:count",
        "count": 12
      },
      {
        "type": "minecraft:in_square"
      },
      {
        "type": "minecraft:height_range",
        "height": {
          "type": "minecraft:uniform",
          "max_inclusive": {
            "above_bottom":70
          },
          "min_inclusive": {
            "above_bottom": 30
          }
        }
      },
      {
        "type": "minecraft:biome"
      }
    ]
  }