{
  "type": "minecraft:entity",
  "pools": [
    {
      "bonus_rolls": 0.0,
      "entries": [
        {
          "type": "minecraft:item",
          "functions": [
            {
              "add": false,
              "count": {
                "type": "minecraft:uniform",
                "max": 2.0,
                "min": 0.0
              },
              "function": "minecraft:set_count"
            },
            {
              "count": {
                "type": "minecraft:uniform",
                "max": 1.0,
                "min": 0.0
              },
              "function": "minecraft:looting_enchant"
            }
          ],
          "name": "minecraft:feather"
        }
      ],
      "rolls": 1.0
    },
    {
      "bonus_rolls": 0.0,
      "entries": [
        {
          "type": "minecraft:item",
          "functions": [
            {
              "conditions": [
                {
                  "condition": "minecraft:entity_properties",
                  "entity": "this",
                  "predicate": {
                    "flags": {
                      "is_on_fire": true
                    }
                  }
                }
              ],
              "function": "minecraft:furnace_smelt"
            },
            {
              "count": {
                "type": "minecraft:uniform",
                "max": 1.0,
                "min": 0.0
              },
              "function": "minecraft:looting_enchant"
            }
          ],
          "name": "minecraft:chicken"
        }
      ],
      "rolls": 1.0
    },
    {
      "rolls":1.0,
      "conditions": [
        {
          "condition": "minecraft:entity_properties",
          "entity": "this"
        }
      ],
      "bonus_rolls":0.0,
      "entries": [
        {
          "type": "item",
          "name": "minecraft:snowball",
          "functions": [
            {
              "function":"minecraft:set_count",
              "add": false,
              "count": {
                "type": "minecraft:uniform",
                "max": 1.0,
                "min": 1.0
              }
            },
            {
              "function": "set_lore",
              "lore":[
                {
                  "translate":"jjx_core.basketball.lore.line1"
                },
                {
                  "translate":"jjx_core.basketball.lore.line2"
                },
                {
                  "translate":"jjx_core.basketball.lore.line3"
                },
                {
                  "translate":"jjx_core.basketball.lore.line4"
                }
              ]
            },
            {
              "function": "set_name",
              "name":{
                "translate":"jjx_core.basketball",
                "italic":"false"
              }
            },
            {
              "function": "enchant_randomly",
              "enchantments": [
                "minecraft:infinity"
              ]
            },
            {
              "function": "set_nbt",
              "tag": "{Tags:[\"basketball\"],CustomModelData:20091}"
            }
          ],
          "weight": 1
        },
        {
          "type": "empty",
          "weight": 99
        }
      ]
    }
  ]
}