{
	"type": "jjx_core:jc_pandora",
	"generator": {
		"type": "minecraft:noise",
		"settings": "overworld",
		"biome_source": {
			"type": "minecraft:multi_noise",
			"biomes": [
				{
					"biome": "jjx_core:wool_forest",
					"parameters": {
						"continentalness": 1.0,
						"depth": 0.5,
						"humidity": 1.0,
						"erosion": 1.1,
						"offset": 0.5,
						"temperature": 0.8,
						"weirdness": 0.6
					}
				},
				{
					"biome":"jjx_core:deep_dark_plains",
					"parameters":{
						"continentalness": 0.7,
						"depth":0.5,
						"erosion":-1.0,
						"humidity":0.8,
						"offset":0.8,
						"temperature":0.6,
						"weirdness":0.2
					}
				}
			]
		}
	}
}