{
  "type": "minecraft:chest",
  "pools": [
    {
      "bonus_rolls":0.0,
      "entries": [
        {
          "type":"loot_table",
          "name":"jjx_core:dragon_crystal"
        }
      ],
      "rolls": 1.0
    },
    {
      "bonus_rolls":0.0,
      "entries": [
        {
          "type":"loot_table",
          "name":"jjx_core:crafting_machine"
        }
      ],
      "rolls": 1.0
    },
    {
      "bonus_rolls":0.0,
      "entries": [
        {
          "type": "minecraft:loot_table",
          "functions": [
            {
              "function": "minecraft:set_count",
              "add": false,
              "count":{
                "type": "minecraft:uniform",
                "max": 5.0,
                "min": 2.0
              }
            }
          ],
          "name": "jjx_core:dragon_berry"
        }
      ],
      "rolls": 1.0
    },
    {
      "bonus_rolls":0.0,
      "entries": [
        {
          "type": "minecraft:item",
          "functions": [
            {
              "function": "minecraft:set_count",
              "add": false,
              "count":{
                "type": "minecraft:uniform",
                "max": 7.0,
                "min": 4.0
              }
            }
          ],
          "name": "minecraft:experience_bottle"
        }
      ],
      "rolls": 2.0
    },
    {
      "bonus_rolls":0.0,
      "entries": [
        {
          "type": "minecraft:item",
          "functions": [
            {
              "function": "minecraft:set_count",
              "add": false,
              "count":{
                "type": "minecraft:uniform",
                "max": 4.0,
                "min": 1.0
              }
            }
          ],
          "name": "minecraft:diamond"
        }
      ],
      "rolls": 1.0
    },
    {
      "bonus_rolls":0.0,
      "entries": [
        {
          "type": "minecraft:item",
          "functions": [
            {
              "function": "minecraft:set_count",
              "add": false,
              "count":{
                "type": "minecraft:uniform",
                "max": 1.0,
                "min": 0.0
              }
            }
          ],
          "name": "minecraft:dragon_head"
        }
      ],
      "rolls": 1.0
    },
    {
      "bonus_rolls":0.0,
      "entries": [
        {
          "type": "minecraft:item",
          "functions": [
            {
              "function": "minecraft:set_count",
              "add": false,
              "count":{
                "type": "minecraft:uniform",
                "max": 2.0,
                "min": 1.0
              }
            },
            {
              "function": "minecraft:enchant_randomly",
              "enchantments": [
                "minecraft:aqua_affinity",
                "minecraft:bane_of_arthropods",
                "minecraft:blast_protection",
                "minecraft:depth_strider",
                "minecraft:efficiency",
                "minecraft:feather_falling",
                "minecraft:fire_aspect",
                "minecraft:fire_protection",
                "minecraft:flame",
                "minecraft:fortune",
                "minecraft:frost_walker",
                "minecraft:infinity",
                "minecraft:knockback",
                "minecraft:looting",
                "minecraft:luck_of_the_sea",
                "minecraft:lure",
                "minecraft:mending",
                "minecraft:power",
                "minecraft:projectile_protection",
                "minecraft:protection",
                "minecraft:punch",
                "minecraft:respiration",
                "minecraft:sharpness",
                "minecraft:respiration",
                "minecraft:sharpness",
                "minecraft:silk_touch",
                "minecraft:smite",
                "minecraft:sweeping",
                "minecraft:thorns",
                "minecraft:unbreaking"
              ]
            }
          ],
          "name": "minecraft:enchanted_book"
        }
      ],
      "rolls": 2.0
    },
    {
      "bonus_rolls":0.0,
      "entries": [
        {
          "type": "minecraft:item",
          "functions": [
            {
              "function": "minecraft:set_count",
              "add": false,
              "count":{
                "type": "minecraft:uniform",
                "max": 20.0,
                "min": 5.0
              }
            }
          ],
          "name": "minecraft:iron_ingot"
        }
      ],
      "rolls": 1.0
    }
  ]
}