{
    "type": "minecraft:chest",
    "pools": [
        {
            "bonus_rolls":0.0,
            "entries": [
                {
                    "type": "minecraft:item",
                    "name": "minecraft:experience_bottle",
                    "functions": [
                        {
                            "function": "minecraft:set_count",
                            "add": false,
                            "count":{
                              "type": "minecraft:uniform",
                              "max": 10.0,
                              "min": 4.0
                            }
                        }
                    ]
                }
            ],
            "rolls": 1.0
        }
    ]
}