{
  "pools": [
    {
      "entries": [
        {
          "functions": [
            {
              "function":"set_name",
              "name":{
                "translate":"jjx_core.item.push_craft",
                "italic":false,
                "color":"white"
              }
            },
            {
              "function": "set_nbt",
              "tag": "{CustomModelData:20093,Item:\"jjx_core:craft\"}"
            }
          ],
          "type": "minecraft:item",
          "name": "minecraft:knowledge_book"
        }
      ],
      "rolls": 1.0
    }
  ]
}