{
    "pools": [
      {
        "entries": [
          {
            "functions": [
              {
                "function":"set_name",
                "name":{
                  "translate":"jjx_core.crafting_machine",
                  "italic":false,
                  "color":"white"
                }
              },
              {
                "function": "set_nbt",
                "tag": "{CustomModelData:20091,Item:\"crafting_machine\",EntityTag:{Invisible:1b,Silent:1b,Tags:[\"crafting_machine\",\"placed\"]}}"
              }
            ],
            "type": "minecraft:item",
            "name": "minecraft:glow_item_frame"
          }
        ],
        "rolls": 1.0
      }
    ]
  }