{
    "type": "minecraft:chest",
    "pools": [
        {
            "bonus_rolls": 1.0,
            "rolls":1.0,
            "entries": [
                {
                    "type": "item",
                    "name": "minecraft:diamond_chestplate",
                    "functions": [
                        {
                            "function": "set_nbt",
                            "tag": "{Enchantments:[{id:\"minecraft:protection\",lvl:4s}]}"
                        }
                    ]
                }
            ]
        }
    ]
}