{
    "pools": [
      {
        "entries": [
          {
            "functions": [
              {
                "function":"set_name",
                "name":{
                  "translate":"item.jjx_core.name.dragon_ingot",
                  "italic":false,
                  "color":"white"
                }
              },
              {
                "function": "set_nbt",
                "tag": "{CustomModelData:20091,Item:\"jjx_core:dragon_ingot\"}"
              }
            ],
            "type": "minecraft:item",
            "name": "minecraft:iron_ingot"
          }
        ],
        "rolls": 1.0
      }
    ]
  }