{
    "pools": [
      {
        "entries": [
          {
            "functions": [
              {
                "function":"set_name",
                "name":{
                  "translate":"item.jjx_core.name.dragon_sword",
                  "italic":false
                }
              },
              {
                "function": "set_nbt",
                "tag": "{CustomModelData:20091,Item:\"jjx_core:dragon_sword\",AttributeModifiers:[{AttributeName:\"generic.attack_damage\",Name:\"generic.attack_damage\",Slot:\"mainhand\",Operation:0,Amount:13.0d,UUID:[I;591610775,1345274332,-1829450464,-2007600498]}]}"
              }
            ],
            "type": "minecraft:item",
            "name": "minecraft:netherite_sword"
          }
        ],
        "rolls": 1.0
      }
    ]
  }