{
    "pools": [
      {
        "entries": [
          {
            "functions": [
              {
                "function":"set_name",
                "name":{
                  "translate":"jjx_core.item.dragon_berry.name",
                  "italic":false,
                  "color":"dark_purple"
                }
              },
              {
                "function": "set_nbt",
                "tag": "{CustomModelData:20091,Enchantments:[{}],Item:\"jjx_core:dragon_berry\"}"
              }
            ],
            "type": "minecraft:item",
            "name": "minecraft:sweet_berries"
          }
        ],
        "rolls": 1.0
      }
    ]
  }