{
  "pools": [
    {
      "entries": [
        {
          "functions": [
            {
              "function":"set_lore",
              "lore":[
                {
                  "translate":"jjx_core.item.dragon_crystal.lore.line1",
                  "color":"blue"
                },
                {
                  "translate":"jjx_core.item.dragon_crystal.lore.line2",
                  "color":"blue"
                }
              ]
            },
            {
              "function":"set_name",
              "name":{
                "translate":"jjx_core.item.dragon_crystal.name",
                "italic":false,
                "color":"dark_purple"
              }
            },
            {
              "function": "set_nbt",
              "tag": "{CustomModelData:20094,Enchantments:[{}],Item:\"jjx_core:dragon_crystal\"}"
            }
          ],
          "type": "minecraft:item",
          "name": "minecraft:knowledge_book"
        }
      ],
      "rolls": 1.0
    }
  ]
}