{
    "pools": [
      {
        "entries": [
          {
            "functions": [
              {
                "function":"set_name",
                "name":{
                  "translate":"item.jjx_core.name.dragon_boots",
                  "italic":false
                }
              },
              {
                "function": "set_nbt",
                "tag": "{CustomModelData:20091,Item:\"jjx_core:dragon_boots\",display:{color:9571732},AttributeModifiers:[{AttributeName:\"generic.armor\",Name:\"generic.armor\",Slot:\"feet\",Operation:0,Amount:4.0d,UUID:[I;2019311798,-1925165416,-1627814437,675109544]},{AttributeName:\"generic.armor_toughness\",Name:\"generic.armor_toughness\",Slot:\"feet\",Operation:0,Amount:4.0d,UUID:[I;920111774,-2101851124,-1951927403,-327828267]},{AttributeName:\"generic.knockback_resistance\",Name:\"generic.knockback_resistance\",Slot:\"feet\",Operation:0,Amount:0.1d,UUID:[I;-63025323,496976942,-1785613959,524082617]}],HideFlags:64,Unbreakable:true}"
              }
            ],
            "type": "minecraft:item",
            "name": "minecraft:leather_boots"
          }
        ],
        "rolls": 1.0
      }
    ]
  }