{
    "pools": [
      {
        "entries": [
          {
            "functions": [
              {
                "function":"set_name",
                "name":{
                  "translate":""
                }
              },
              {
                "function": "set_nbt",
                "tag": "{CustomModelData:20092}"
              }
            ],
            "type": "minecraft:item",
            "name": "minecraft:knowledge_book"
          }
        ],
        "rolls": 1.0
      }
    ]
}