{
    "pools": [
      {
        "entries": [
          {
            "functions": [
              {
                "function":"set_name",
                "name":{
                  "translate":"jjx_core.item.ender_berry.name",
                  "italic":false
                }
              },
              {
                "function": "set_nbt",
                "tag": "{CustomModelData:20092,Item:\"jjx_core:ender_berry\"}"
              }
            ],
            "type": "minecraft:item",
            "name": "minecraft:sweet_berries"
          }
        ],
        "rolls": 1.0
      }
    ]
  }