{
    "pools": [
      {
        "entries": [
          {
            "functions": [
              {
                "function":"set_name",
                "name":{
                  "translate":"jjx_core.item.fire_staff.name",
                  "italic":false
                }
              },
              {
                "function": "set_nbt",
                "tag": "{CustomModelData:20091,Item:\"jjx_core:fire_staff\"}"
              }
            ],
            "type": "minecraft:item",
            "name": "minecraft:carrot_on_a_stick"
          }
        ],
        "rolls": 1.0
      }
    ]
  }