{
    "pools": [
      {
        "entries": [
          {
            "functions": [
              {
                "function":"set_name",
                "name":{
                  "translate":"item.jjx_core.name.pocket_watch_2",
                  "italic":false,
                  "color":"white"
                }
              },
              {
                "function": "set_nbt",
                "tag": "{CustomModelData:20093,Item:\"pocket_watch_2\"}"
              }
            ],
            "type": "minecraft:item",
            "name": "minecraft:carrot_on_a_stick"
          }
        ],
        "rolls": 1.0
      }
    ]
  }