{
  "pools": [
    {
      "entries": [
        {
          "functions": [
            {
              "function":"set_lore",
              "lore":[
                {
                  "translate":"jjx_core.slime_heart.lore.line1"
                },
                {
                  "translate":"jjx_core.slime_heart.lore.line2"
                },
                {
                  "translate":"jjx_core.slime_heart.lore.line3"
                }
              ]
            },
            {
              "function":"set_name",
              "name":{
                "translate":"jjx_core.slime_heart",
                "italic":false,
                "color":"dark_purple"
              }
            },
            {
              "function":"enchant_randomly",
              "enchantments":[
                "minecraft:infinity"
              ]
            },
            {
              "function":"set_attributes",
              "modifiers":[
                {
                  "name": "generic.luck",
                  "attribute": "generic.luck",
                  "operation": "multiply_base",
                  "amount":{
                    "max": 5.0,
                    "min": 5.0
                  },
                  "slot":"offhand"
                }
              ]
            },
            {
              "function": "set_nbt",
              "tag": "{CustomModelData:20091}"
            }
          ],
          "type": "minecraft:item",
          "name": "minecraft:slime_ball"
        }
      ],
      "rolls": 1.0
    }
  ]
}