{
    "parent":"husbandry/root",
    "display": {
        "icon": {
            "item":"golden_carrot"
        },
        "announce_to_chat": true,
        "title":{
            "translate":"adven.jjxupdate.title.goldenCarrot"
        },
        "hidden": false,
        "description":{
            "translate":"adven.jjxupdate.description.goldenCarrot"
        },
        "show_toast": true,
        "frame": "task"
    },
    "criteria": {
        "getCarrot":{
            "trigger": "minecraft:inventory_changed",
            "conditions": {
                "items": [
                    {
                        "items":[
                            "minecraft:golden_carrot"
                        ]
                    }
                ]
            }
        }
    },
    "requirements": [
        [
        "getCarrot"
        ]
    ],
    "rewards": {
        "loot": [
            "jjx_vanilla_update:carrots_wand"
        ]
    }
}