{
  "type": "minecraft:block",
  "pools": [
    {
      "bonus_rolls": 0.0,
      "entries": [
        {
          "type": "minecraft:alternatives",
          "children": [
            {
              "type": "minecraft:item",
              "conditions": [
                {
                  "condition": "minecraft:match_tool",
                  "predicate": {
                    "enchantments": [
                      {
                        "enchantment": "minecraft:silk_touch",
                        "levels": {
                          "min": 1
                        }
                      }
                    ]
                  }
                }
              ],
              "name": "minecraft:stone"
            },
            {
              "type": "minecraft:item",
              "conditions": [
                {
                  "condition": "minecraft:survives_explosion"
                }
              ],
              "name": "minecraft:cobblestone"
            }
          ]
        }
      ],
      "rolls": 1.0
    },
    {
      "rolls":1.0,
      "bonus_rolls": 1.0,
      "entries":[
        {
          "type": "minecraft:loot_table",
          "name": "jjx_vanilla_update:ores_loot/stone_ores_loot",
          "weight":30
        },
        {
          "type": "minecraft:empty",
          "weight":70
        }
      ]
    }
  ]
}