{
	"parent": "minecraft:block/cube",
	"textures": {
		"particle": "jjx_core:block/machine/machine_up",
    	"north":"jjx_core:block/machine/machine_north",
		"east":"jjx_core:block/machine/machine_east",
		"south":"jjx_core:block/machine/machine_south",
		"west":"jjx_core:block/machine/machine_west",
		"up":"jjx_core:block/machine/machine_up",
		"down":"jjx_core:block/machine/machine_down"
	},
	"display": {
		"fixed": {
			"rotation": [-90, -180, 0],
			"translation": [0, 0, -16.1],
			"scale": [2.02, 2.02, 2.02]
		}
	}
}
