{
    "pools": [
        {
            "bonus_rolls": 1.0,
            "rolls":1.0,
            "entries": [
                {
                    "type": "item",
                    "name": "minecraft:diamond",
                    "functions": [
                        {
                            "function": "set_count",
                            "count": {
                                "max": 4,
                                "min": 1,
                                "type": "minecraft:uniform"
                            }
                        }
                    ]
                }
            ]
        },
        {
            "bonus_rolls": 1.0,
            "rolls":1.0,
            "entries": [
                {
                    "type": "item",
                    "name": "minecraft:stone_button",
                    "functions": [
                        {
                            "function": "set_count",
                            "count": 1
                        },
                        {
                            "function": "set_name",
                            "name": {
                                "text":"Key",
                                "italic": false
                            }
                        }
                    ]
                }
            ]
        },
        {
            "bonus_rolls": 1.0,
            "rolls":1.0,
            "entries": [
                {
                    "type": "item",
                    "name": "minecraft:bone",
                    "functions": [
                        {
                            "function": "set_count",
                            "count": {
                                "max": 7,
                                "min": 1,
                                "type": "minecraft:uniform"
                            }
                        }
                    ]
                }
            ]
        },
        {
            "bonus_rolls": 1.0,
            "rolls":1.0,
            "entries": [
                {
                    "type": "item",
                    "name": "minecraft:iron_ingot",
                    "functions": [
                        {
                            "function": "set_count",
                            "count": {
                                "max": 6,
                                "min": 1,
                                "type": "minecraft:uniform"
                            }
                        }
                    ]
                }
            ]
        },
        {
            "bonus_rolls": 1.0,
            "rolls":1.0,
            "entries": [
                {
                    "type": "item",
                    "name": "minecraft:gold_ingot",
                    "functions": [
                        {
                            "function": "set_count",
                            "count": {
                                "max": 3,
                                "min": 1,
                                "type": "minecraft:uniform"
                            }
                        }
                    ]
                }
            ]
        },
        {
            "bonus_rolls": 1.0,
            "rolls":1.0,
            "entries": [
                {
                    "type": "item",
                    "name": "minecraft:rotten_flesh",
                    "functions": [
                        {
                            "function": "set_count",
                            "count": {
                                "max": 10,
                                "min": 2,
                                "type": "minecraft:uniform"
                            }
                        }
                    ]
                }
            ]
        },
        {
            "bonus_rolls": 1.0,
            "rolls":1.0,
            "entries": [
                {
                    "type": "item",
                    "name": "minecraft:string",
                    "functions": [
                        {
                            "function": "set_count",
                            "count": {
                                "max": 3,
                                "min": 0,
                                "type": "minecraft:uniform"
                            }
                        }
                    ]
                }
            ]
        },
        {
            "bonus_rolls": 1.0,
            "rolls":1.0,
            "entries": [
                {
                    "type": "item",
                    "name": "minecraft:gunpowder",
                    "functions": [
                        {
                            "function": "set_count",
                            "count": {
                                "max": 7,
                                "min": 2,
                                "type": "minecraft:uniform"
                            }
                        }
                    ]
                }
            ]
        }
    ]
}