{
  "has_precipitation": false,
    "carvers": {
      "air": [
        "minecraft:cave",
        "minecraft:cave_extra_underground",
        "minecraft:canyon"
      ]
    },
    "downfall": 0.8,
    "effects": {
      "fog_color": 12638463,
      "sky_color": 6545660,
      "water_color": 15302074,
      "water_fog_color": 15302074,
      "grass_color": 2073054,
      "mood_sound": {
        "block_search_extent": 8,
        "offset": 2.0,
        "sound": "minecraft:ambient.cave",
        "tick_delay": 6000
      }
    },
    "features": [
      [],
      [
        "minecraft:lake_lava_underground"
      ],
      [
        "minecraft:amethyst_geode"
      ],
      [
        "minecraft:monster_room",
        "minecraft:monster_room_deep"
      ],
      [],
      [],
      [      
      "minecraft:ore_dirt",
      "minecraft:ore_gravel",
      "minecraft:ore_granite_upper",
      "minecraft:ore_granite_lower",
      "minecraft:ore_diorite_upper",
      "minecraft:ore_diorite_lower",
      "minecraft:ore_andesite_upper",
      "minecraft:ore_andesite_lower",
      "minecraft:ore_tuff",
      "minecraft:ore_coal_upper",
      "minecraft:ore_coal_lower",
      "minecraft:ore_iron_upper",
      "minecraft:ore_iron_middle",
      "minecraft:ore_iron_small",
      "minecraft:ore_gold",
      "minecraft:ore_gold_lower",
      "minecraft:ore_redstone",
      "minecraft:ore_redstone_lower",
      "minecraft:ore_diamond",
      "minecraft:ore_diamond_large",
      "minecraft:ore_diamond_buried",
      "minecraft:ore_lapis",
      "minecraft:ore_lapis_buried",
      "minecraft:ore_copper",
      "minecraft:underwater_magma",
      "minecraft:disk_sand",
      "minecraft:disk_clay",
      "minecraft:disk_gravel",
      "jjx_core:ore_diamond_else"
      ],
      [],
      [
        "minecraft:spring_water"
      ],
      [
        "jjx_core:wool_tree_green",
        "jjx_core:wool_tree_pink",
        "minecraft:patch_grass_forest",
        "minecraft:flower_flower_forest",
        "minecraft:patch_sugar_cane"
      ],
      []
    ],
    "precipitation": "rain",
    "spawn_costs": {},
    "spawners":  {
      "ambient": [
        {
          "type": "minecraft:bat",
          "maxCount": 10,
          "minCount": 8,
          "weight": 10
        }
      ],
      "axolotls": [],
      "creature": [
        {
          "type": "minecraft:sheep",
          "maxCount": 8,
          "minCount": 4,
          "weight": 20
        },
        {
          "type": "minecraft:pig",
          "maxCount": 6,
          "minCount": 4,
          "weight": 10
        },
        {
          "type": "minecraft:chicken",
          "maxCount": 8,
          "minCount": 4,
          "weight": 10
        },
        {
          "type": "minecraft:cow",
          "maxCount": 7,
          "minCount": 4,
          "weight": 8
        },
        {
          "type": "minecraft:horse",
          "maxCount": 6,
          "minCount": 2,
          "weight": 4
        },
        {
          "type": "minecraft:donkey",
          "maxCount": 3,
          "minCount": 1,
          "weight": 2
        }
      ],
      "misc": [],
      "monster": [
        {
          "type": "minecraft:spider",
          "maxCount": 4,
          "minCount": 4,
          "weight": 50
        },
        {
          "type": "minecraft:zombie",
          "maxCount": 4,
          "minCount": 4,
          "weight": 90
        },
        {
          "type": "minecraft:zombie_villager",
          "maxCount": 1,
          "minCount": 1,
          "weight": 30
        },
        {
          "type": "minecraft:skeleton",
          "maxCount": 4,
          "minCount": 4,
          "weight": 50
        },
        {
          "type": "minecraft:creeper",
          "maxCount": 4,
          "minCount": 4,
          "weight": 50
        },
        {
          "type": "minecraft:slime",
          "maxCount": 4,
          "minCount": 4,
          "weight": 130
        },
        {
          "type": "minecraft:enderman",
          "maxCount": 3,
          "minCount": 1,
          "weight": 10
        }
      ],
      "underground_water_creature": [
        {
          "type": "minecraft:glow_squid",
          "maxCount": 8,
          "minCount": 6,
          "weight": 10
        }
      ],
      "water_ambient": [],
      "water_creature": []
    },
    "temperature": 0.7
  }