{"jjx_core":{"check":{"$adv":{"place_pandora_portal_block":["place"],"place_king_zombie_block":["place"],"place_dragon_block":["place"],"kill_king_zombie":["killed"],"kill_king_slime":["killed"],"hit_king_slime":["hited"],"eat_ender_berry":["eat"],"eat_dragon_berry":["eat"],"in_nether_portal":["in_portal"]}},"$adv":{"slime_tag_beta":["pick"],"root":["minecraft:blaze","minecraft:cave_spider","minecraft:creeper","minecraft:drowned","minecraft:elder_guardian","minecraft:ender_dragon","minecraft:enderman","minecraft:endermite","minecraft:evoker","minecraft:ghast","minecraft:guardian","minecraft:hoglin","minecraft:husk","minecraft:magma_cube","minecraft:phantom","minecraft:piglin","minecraft:piglin_brute","minecraft:pillager","minecraft:ravager","minecraft:shulker","minecraft:silverfish","minecraft:skeleton","minecraft:slime","minecraft:spider","minecraft:stray","minecraft:vex","minecraft:vindicator","minecraft:witch","minecraft:wither","minecraft:wither_skeleton","minecraft:zoglin","minecraft:zombie","minecraft:zombie_villager","minecraft:zombified_piglin"],"place_smelter":["place"],"place_machine":["place"],"kill_ender_dragon":["killed"],"kill_a_slime":["minecraft:slime"],"craft_machine":["Unlocked"]}},"jjx_vanilla_update":{"$adv":{"gold_carrot":["getCarrot"]},"check":{"dragon_ore":{"$adv":{"place":["place"]}}}}}