{"jjx_core":{"custom_blocks":{"pandora_portal_block":{"teleport":{"to_dimension":{"$func":["waitb","waitb","wait","to","back"]},"$func":["tp","create_portal_z","create_portal_x","check_damage_reloop","check_damage","check"],"teleport_in_other_dimension":{"$func":["force_place","fire_portal","find_block","find_a_place","remove_forceload","place_template","high_and_width_check","force_sky"]},"teleport_back":{"$func":["force_place","find_block","find_a_place","remove_forceload","place_template","high_and_width_check","force_sky"]},"damage":{"$func":["z","x"]}},"$func":["place_block","place","main","break"]},"dragon_block":{"$func":["place_block","place","main","break"]},"pandora_portal":{"$func":["place_block_z","place_block_x","main","break"]},"boss_blocks":{"king_zombie":{"$func":["place","main","break","place_block"]}}},"$func":["ender_dragon_treasure","place_machine","get_slime_heart","craft"],"food":{"$func":["dragon_berry","ender_berry"]},"super_smelter":{"add_power":{"$func":["1200","8000","800","600","400","2000","10000","main"]},"$func":["place_smelter","smelter_init","wrong","place","out_gen","main","item_burn","burn_recipe","break"],"gui":{"$func":["slot10","slot1","slot16","slot15","slot17","slot14","slot13","slot11","slot18","slot20","slot2","slot19","slot4","slot3","slot26","slot25","slot24","slot23","slot22","slot5","slot21","slot9","slot8","slot7","slot6"]},"burn_recipes":{"$func":["dragon_ore"]},"burn_conditions":{"$func":["dragon_ore"]}},"machine":{"gui":{"$func":["slot25","slot26","slot23","slot4","slot24","slot22","slot18","slot17","slot16","slot15","slot14","slot5","slot13","slot0","slot6","slot9","slot8","slot7"]},"$func":["wrong","place","out_gen","main","item_craft","craft_recipe","break"],"recipe":{"$func":["dragon_block","dragon_sword","dragon_leggings","super_smelter","pandora_portal_block","fire_staff","dragon_sword_re3","dragon_sword_re2","dragon_helmet_re2","dragon_helmet","dragon_chestplate","dragon_boots_re2","dragon_boots","dragon_berry","crafting_machine"],"dragon_ingot":{"$func":["3","4","2","1","place","9","8","7","6","5"]}},"conditions":{"$func":["dragon_ingot","super_smelter","pandora_portal_block","fire_staff","dragon_sword","dragon_leggings","dragon_helmet","dragon_chestplate","dragon_boots","dragon_block","dragon_berry","crafting_machine"]},"re_model":{"re":{"$func":["model"]},"cond":{"$func":["model"]}}},"king_zombie":{"$func":["time1t","summon","remove","king_zombie","exp_spawn","experience","bossbar_set","bossbar"],"skills":{"$func":["storm2","storm","summon_soldiers","storm_","speed_article","speed","soldier","no_cheat_particle","no_cheat","main","bl"],"by":{"$func":["bl","article","summon_soldiers","storm2","storm","speed","no_cheat_particle","no_cheat"]}}},"right_tick":{"$func":["main","load"],"fire_stick":{"$func":["use","check"]},"pocket_watch":{"$func":["check","use_2","use_1","fast"]}},"king_slime":{"$func":["summon_object","remove_anvancement","remove","king_slime_text_a","king_slime_summon_only","king_slime_summon","king_slime","bossbar_set","bossbar_hide","bossbar"]}},"jjx_vanilla_update":{"entities_spawn":{"fire_zombies":{"$func":["load","loop","spawn","score_reset","reloop"],"loop":{"$func":["place12","place13","place11","place10","place1","place8","place7","place9","place6","place5","place4","place2","place3","place14"]}}},"items_right_tick":{"$func":["main"],"carrots_wand":{"$func":["tick","load"]}},"custom_blocks":{"dragon_ore":{"$func":["place_block","place","main","break"]}}}}