{
    "pools": [
        {
            "entries": [
                {
                    "type": "item",
                    "name":"carrot_on_a_stick",
                    "functions": [
                        {
                            "function": "set_nbt",
                            "tag": "{CustomModelData:600000,CustomItem:\"jjx_vanilla_update:carrots_wand\",Enchantments:[{}]}"  
                        },
                        {
                            "function": "set_name",
                            "entity": "this",
                            "name": {
                                "translate": "item.jjxupdate.name.carrotWand",
                                "color": "yellow",
                                "italic": false
                            }
                        }
                    ]
                }
            ],
            "bonus_rolls":1.0,
            "rolls":1.0
        }
    ]
}