{
    "pools": [
        {
            "bonus_rolls":1.0,
            "rolls":20.0,
            "entries": [
                {
                    "type": "item",
                    "name": "minecraft:golden_carrot",
                    "functions": [
                        {
                            "function": "minecraft:set_count",
                            "count":{
                                "max": 1.0,
                                "min": 0.0,
                                "type": "minecraft:uniform"
                            }
                        }
                    ]
                }
            ]
        }
    ]
}