{
    "pools": [
        {
            "bonus_rolls": 1.0,
            "rolls": 1.0,
            "entries": [
                {
                    "type": "item",
                    "name": "minecraft:glow_item_frame",
                    "functions": [
                        {
                            "function": "set_nbt",
                            "tag": "{CustomModelData:600000,EntityTag:{Tags:[\"jjx_vanilla_update_dragon_ore_place\"],Invisible:1b,fixed:1b,Slient:1b}}"
                        },
                        {
                            "function":"set_name",
                            "name": {
                                "italic": false,
                                "translate":"item.jjxupdate.name.dragon_ore"
                            }
                        }
                    ]
                }
            ]
        }
    ]
}