{
    "pools": [
        {
            "rolls":1.0,
            "bonus_rolls": 1.0,
            "entries": [
                {
                    "type": "item",
                    "name": "minecraft:coal",
                    "functions": [
                        {
                            "function": "set_count",
                            "count":{
                                "max": 3.0,
                                "min": 1.0,
                                "type": "minecraft:uniform"
                            }
                        }
                    ],
                    "weight": 3
                },
                {
                    "type": "item",
                    "name": "minecraft:raw_copper",
                    "functions": [
                        {
                            "function": "set_count",
                            "count":{
                                "max": 5.0,
                                "min": 1.0,
                                "type": "minecraft:uniform"
                            }
                        }
                    ],
                    "weight": 3
                },
                {
                    "type": "item",
                    "name": "minecraft:raw_gold",
                    "functions": [
                        {
                            "function": "set_count",
                            "count":{
                                "max": 3.0,
                                "min": 1.0,
                                "type": "minecraft:uniform"
                            }
                        }
                    ],
                    "weight": 22
                },
                {
                    "type": "item",
                    "name": "minecraft:raw_iron",
                    "functions": [
                        {
                            "function": "set_count",
                            "count":{
                                "max": 3.0,
                                "min": 1.0,
                                "type": "minecraft:uniform"
                            }
                        }
                    ],
                    "weight": 13
                },
                {
                    "type": "item",
                    "name": "minecraft:lapis_lazuli",
                    "functions": [
                        {
                            "function": "set_count",
                            "count":{
                                "max": 5.0,
                                "min": 1.0,
                                "type": "minecraft:uniform"
                            }
                        }
                    ],
                    "weight": 10
                },
                {
                    "type": "item",
                    "name": "minecraft:amethyst_shard",
                    "functions": [
                        {
                            "function": "set_count",
                            "count":{
                                "max": 5.0,
                                "min": 1.0,
                                "type": "minecraft:uniform"
                            }
                        }
                    ],
                    "weight": 10
                },
                {
                    "type": "item",
                    "name": "minecraft:emerald",
                    "functions": [
                        {
                            "function": "set_count",
                            "count":{
                                "max": 2.0,
                                "min": 1.0,
                                "type": "minecraft:uniform"
                            }
                        }
                    ],
                    "weight": 2
                },
                {
                    "type": "item",
                    "name": "minecraft:diamond",
                    "functions": [
                        {
                            "function": "set_count",
                            "count":{
                                "max": 2.0,
                                "min": 1.0,
                                "type": "minecraft:uniform"
                            }
                        }
                    ],
                    "weight": 17
                },
                {
                    "type": "item",
                    "name": "minecraft:redstone",
                    "functions": [
                        {
                            "function": "set_count",
                            "count":{
                                "max": 5.0,
                                "min": 1.0,
                                "type": "minecraft:uniform"
                            }
                        }
                    ],
                    "weight": 20
                }
            ]
        }
    ]
}